[
    {
        "actionName": "Action",
        "steps": [
            {
                "stepId": "STEP1",
                "stepName": "Url: Webtours",
                "infFile": "t1.inf",
                "time": 1668654245689
            },
            {
                "stepId": "STEP2",
                "stepName": "Submit Form: login.pl",
                "infFile": "t2.inf",
                "time": 1668654246152
            },
            {
                "stepId": "STEP3",
                "stepName": "Image: SignOff Button",
                "infFile": "t3.inf",
                "time": 1668654246489
            }
        ],
        "transactions": [
            {
                "transactionName": "login",
                "rawStartTime": 1668654245693,
                "rawEndTime": 1668654246154,
                "thinkTime": 0.0,
                "wastedTime": 0.022000789642333986
            },
            {
                "transactionName": "logout",
                "rawStartTime": 1668654246160,
                "rawEndTime": 1668654246490,
                "thinkTime": 0.0,
                "wastedTime": 0.028603553771972657
            }
        ]
    }
]